{
    "subject": "ETC2-A1",
    "date": "02-11-2022",
    "students": [
      {
        "id": 1,
        "name": "Test1",
        "roll_no": "12341",
        "type": "Absent",
        "isNotified": ""
      },
      {
        "id": 2,
        "name": "Test2",
        "roll_no": "12342",
        "type": "Absent",
        "isNotified": ""
      },
      {
        "id": 3,
        "name": "Test3",
        "roll_no": "12343",
        "type": "Late",
        "isNotified": ""
      },
      {
        "id": 4,
        "name": "Test4",
        "roll_no": "12344",
        "type": "Late",
        "isNotified": ""
      },
      {
        "id": 5,
        "name": "Test5",
        "roll_no": "12345",
        "type": "Absent",
        "isNotified": ""
      },
      {
        "id": 6,
        "name": "Test6",
        "roll_no": "12346",
        "type": "Late",
        "isNotified": ""
      },
      {
        "id": 7,
        "name": "Test7",
        "roll_no": "12347",
        "type": "Late",
        "isNotified": ""
      },
      {
        "id": 8,
        "name": "Test8",
        "roll_no": "12348",
        "type": "Absent",
        "isNotified": ""
      },
      {
        "id": 9,
        "name": "Test9",
        "roll_no": "12349",
        "type": "Absent",
        "isNotified": ""
      }
    ]
  }