{
    "subject": "ETC2-A1",
    "date": "02-11-2022",
    "students": [
      {
        "id": 1,
        "name": "Test1",
        "roll_no": "12341",
        "type": ""
      },
      {
        "id": 2,
        "name": "Test2",
        "roll_no": "12342",
        "type": ""
      },
      {
        "id": 3,
        "name": "Test3",
        "roll_no": "12343",
        "type": ""
      },
      {
        "id": 4,
        "name": "Test4",
        "roll_no": "12344",
        "type": ""
      },
      {
        "id": 5,
        "name": "Test5",
        "roll_no": "12345",
        "type": ""
      }
    ]
  }